destacado,title,zona,ciudad,provinicia,price,currency,terreno,recamaras,banios,garage,publisher,whatsapp,phone,cellPhone,url
super-highlighted,,Zapotla,Iztacalco,Ciudad de México,2012600,MN,56 a 111 m²,2 a 3 recámaras,1 a 2  ,,Quiero Casa -,,5512077443,5512077443,https://www.inmuebles24.com/propiedades/quierocasa-puerta-58-63424533.html
super-highlighted,,Nativitas,Benito Juárez,Ciudad de México,3060575,MN,72 a 110 m²,2 a 3 recámaras,2  ,,Stefani Mendoza,,5576639533,,https://www.inmuebles24.com/propiedades/emma-192-62387137.html
super-highlighted,,Ciudad de los Deportes,Benito Juárez,Ciudad de México,3521054,MN,63 a 146m²,2 a 3 recámaras,2 a 3  ,,Quiero Casa -,,5512077443,5512077443,https://www.inmuebles24.com/propiedades/agatha-tintoreto-58835235.html
super-highlighted,,Artes Graficas,Venustiano Carranza,Ciudad de México,1494737,MN,40 a 67 m²,1 a 3 recámaras,1 a 2  ,,Quiero Casa -,,5512077443,5512077443,https://www.inmuebles24.com/propiedades/quierocasa-la-viga-222-63688652.html
super-highlighted,,Letrán Valle,Benito Juárez,Ciudad de México,4950000,MN,101 a 206m²,3 recámaras,2  ,,Alejandro Vargas,,5536171702,,https://www.inmuebles24.com/propiedades/av-cuauhtemoc-1187-61183783.html
super-highlighted,"Departamento en Venta Amueblado, Frente Al Mar, 3 Recámaras, Zona Hotelera, Cancún",Zona Hotelera,Cancún,Quintana Roo,1250000,USD,257 m²,3 rec.,4 ,2 ,A y A Bienes Raices,5219997474768,+52 999 7474768,,https://www.inmuebles24.com/propiedades/departamento-en-venta-amueblado-frente-al-mar-3-62973676.html
super-highlighted,Amplio PH Exterior con Excelentes Acabados y Gran Roof Privado,Lomas de Tecamachalco,Naucalpan de Juárez,Edo. de México,13150000,MN,350 m²,3 rec.,3 ,3 ,Inmobiliaria 7,5215542246591,5542246591,55 5542246591,https://www.inmuebles24.com/propiedades/amplio-ph-exterior-con-excelentes-acabados-y-gran-roof-62262732.html
super-highlighted,"Departamento en Letrán Valle con 3 Recámaras, Id: 31500.",Letrán Valle,Benito Juárez,Ciudad de México,5050000,MN,122 m²,3 rec.,2 ,1 ,INMOBILIARIA HOUM,5215626060564,5585264623,,https://www.inmuebles24.com/propiedades/departamento-en-letran-valle-con-3-recamaras-id:-62201505.html
super-highlighted,"Departamento en Venta en Merida, Temozon Park, Temozon Nte",Temozón Norte,Mérida,Yucatán,3700240,MN,94 m²,2 rec.,2 ,2 ,Ventas Tipi Bienes Raíces,5219993698580,9993698580,,https://www.inmuebles24.com/propiedades/departamento-en-venta-en-merida-temozon-park-temozon-63268235.html
super-highlighted,Departamento en Venta en Aldea Zama Tulum,Tulum,Quintana Roo,Mexico,185000,USD,71 m²,2 rec.,1baño,,Virtual Realty Riviera Maya,5219842360245,9842360245,,https://www.inmuebles24.com/propiedades/departamento-en-venta-en-aldea-zama-tulum-63792260.html
super-highlighted,"Bosque de Las Lomas, Departamento a La Venta en Reforma Laureles (Gr)",Bosques de las Lomas,Cuajimalpa de Morelos,Ciudad de México,1250000,USD,420 m²,4 rec.,4 ,4 ,Gabriela Reznikov,5215568268822,+52 55 68269494,,https://www.inmuebles24.com/propiedades/bosque-de-las-lomas-departamento-a-la-venta-en-63383144.html
super-highlighted,"Departamento PH en Pre Venta en Ajijic Centro, Jalisco",Ajijic Centro,Chapala,Jalisco,4851342,MN,131 m²,3 rec.,2 ,1 ,PRYA Grupo Inmobiliario,,+5213326804873,,https://www.inmuebles24.com/propiedades/departamento-ph-en-pre-venta-en-ajijic-centro-jalisco-62740223.html
super-highlighted,Gran Oportunidad Departamento en Venta con Vista Panoramica a La Bahía! Joya!,Fraccionamiento Costa Azul,Acapulco de Juárez,Guerrero,28000000,MN,520 m²,5 rec.,6 ,2 ,Heidi Rabadan,5215613160628,7441001501/0447444650407/(744)1900416/5613160628,52 1 7444660407,https://www.inmuebles24.com/propiedades/gran-oportunidad-departamento-en-venta-con-vista-52580429.html
super-highlighted,Oportunidad Departamento en Venta de 3 Recamaras Solar!,Fraccionamiento Playa Diamante,Acapulco de Juárez,Guerrero,12500000,MN,205 m²,3 rec.,4 ,2 ,Heidi Rabadan,5215613160628,7441001501/0447444650407/(744)1900416/5613160628,52 1 7444660407,https://www.inmuebles24.com/propiedades/oportunidad-departamento-en-venta-de-3-recamaras-53570437.html
super-highlighted,Departamento Nuevo en Venta en Queretaro,El Campanario,Querétaro,Querétaro,3820000,MN,132 m²,2 rec.,2 ,2 ,MX Inmobiliaria,5214424250754,4424250754,,https://www.inmuebles24.com/propiedades/departamento-nuevo-en-venta-en-queretaro-59713757.html
super-highlighted,Departamento Exterior Al Mejor Precio de La Zona con Bonitos Acabados,Álamos,Benito Juárez,Ciudad de México,3150000,MN,63 m²,2 rec.,2 ,1 ,Inmobiliaria 7 R,5215561674335,5561674335,52 1 5561674335,https://www.inmuebles24.com/propiedades/departamento-exterior-al-mejor-precio-de-la-zona-con-60369741.html
super-highlighted,"Departamento en Venta 2 Recamaras con Roof Garden, Av 5, Tulum, Mexico",Tulum,Quintana Roo,Mexico,2705000,MN,134 m²,2 rec.,2 ,1 ,A y A Bienes Raices,5219997474768,+52 999 7474768,,https://www.inmuebles24.com/propiedades/departamento-en-venta-2-recamaras-con-roof-garden-av-63500069.html
super-highlighted,"Departamento en Venta Cian, Via Cordillera",Vía Cordillera,Santa Catarina,Nuevo León,5790000,MN,105 m²,2 rec.,2 ,2 ,Guillermo -,5218112553277,8112553277,8112553277,https://www.inmuebles24.com/propiedades/departamento-en-venta-cian-via-cordillera-62763701.html
super-highlighted,En La Famosa Av Kukulcán a Sólo 1 Km del Mar,Tulum,Tulum,Quintana Roo,288400,USD,100 m²,2 rec.,2 ,1 ,Tatiana Rizzo,5219841377137,984 137 7137,52 1 9841377137,https://www.inmuebles24.com/propiedades/en-la-famosa-av-kukulcan-a-solo-1-km-del-mar-62848456.html
super-highlighted,"Cad Porto Chervo 201. Alberca Privada, Vista Al Mar, Terraza",Fraccionamiento Las Brisas,Acapulco de Juárez,Guerrero,9000,MN,280 m²,4 rec.,4 ,2 ,Casas Acapulco Diamante -,5217441427274,7441427274,52 1 7441427274,https://www.inmuebles24.com/propiedades/cad-porto-chervo-201.-alberca-privada-vista-al-mar-63272164.html
